tag,reason,count
1girl,low_value,1692849
solo,low_value,1102777
breasts,adult,960885
nipples,adult,581600
hetero,low_value,552893
1boy,low_value,501004
large_breasts,adult,448659
penis,adult,421180
pussy,adult,415057
nude,adult,380243
solo_focus,low_value,377835
sex,adult,325707
simple_background,low_value,317667
cum,adult,273858
vaginal,adult,258431
white_background,low_value,255409
medium_breasts,adult,246172
ass,adult,228872
small_breasts,adult,200855
completely_nude,adult,168582
original,copyright,168415
mosaic_censoring,adult,159713
underwear,adult,154928
panties,adult,147078
cum_in_pussy,adult,145008
touhou,copyright,143541
anus,adult,134806
cleavage,adult,130108
pussy_juice,adult,115302
bad_pixiv_id,low_value,110912
saliva,low_value,106680
sex_from_behind,adult,99909
pubic_hair,adult,96341
kantai_collection,copyright,87701
uncensored,adult,85846
cum_on_body,adult,81937
erection,adult,77832
fellatio,adult,64127
huge_breasts,adult,58115
no_panties,adult,56387
breasts_out,adult,53721
male_pubic_hair,adult,52464
artist_name,low_value,51737
white_panties,adult,51635
clothed_sex,adult,51580
cum_on_breasts,adult,50998
female_pubic_hair,adult,48170
after_sex,adult,45235
cumdrip,adult,44708
signature,low_value,42440
group_sex,adult,40029
anal,adult,35974
idolmaster,copyright,35269
cum_in_mouth,adult,34925
spread_pussy,adult,34745
blue_archive,copyright,34429
hololive,copyright,34039
fate_(series),copyright,33013
covered_nipples,adult,32991
multiple_penises,adult,32709
sex_toy,adult,31500
black_panties,adult,31345
english_text,low_value,30609
vocaloid,copyright,30340
masturbation,adult,29795
genshin_impact,copyright,29782
breasts_apart,adult,29204
multiple_girls,low_value,28835
bad_twitter_id,low_value,28822
pokemon,copyright,28692
2boys,low_value,27737
after_vaginal,adult,27394
female_masturbation,adult,25486
grabbing_another's_breast,adult,25374
o,copyright,24234
fate/grand_order,copyright,24042
arknights,copyright,23529
breast_grab,adult,23361
cum_on_hair,adult,22818
panties_aside,adult,22508
standing_sex,adult,22338
character_name,low_value,22138
2girls,low_value,21106
groin,adult,19597
idolmaster_cinderella_girls,copyright,18938
watermark,low_value,18465
umamusume,copyright,18457
large_penis,adult,17969
bouncing_breasts,adult,17384
lingerie,adult,16938
breasts_squeezed_together,adult,16367
veiny_penis,adult,16349
areolae,adult,16349
azur_lane,copyright,16205
panties_around_one_leg,adult,15897
cum_overflow,adult,15797
puffy_nipples,adult,15784
breast_press,adult,15624
vibrator,adult,14626
hanging_breasts,adult,13993
orgasm,adult,13938
cum_in_ass,adult,13536
nijisanji,copyright,13526
dildo,adult,13329
happy_sex,adult,12960
banned_artist,low_value,12337
underwear_only,adult,12285
saliva_trail,low_value,12179
cum_on_clothes,adult,11931
fire_emblem,copyright,11585
tentacle_sex,adult,11335
licking_penis,adult,11126
bow_panties,adult,10797
mole_on_breast,adult,10546
nipple_tweak,adult,10424
between_breasts,adult,10372
internal_cumshot,adult,10354
areola_slip,adult,10177
pink_panties,adult,10065
panties_under_pantyhose,adult,9965
vaginal_object_insertion,adult,9776
cum_on_tongue,adult,9606
final_fantasy,copyright,9504
anal_object_insertion,adult,9381
cum_on_ass,adult,9244
naked_shirt,adult,9057
idolmaster_shiny_colors,copyright,8792
copyright_name,low_value,8716
large_areolae,adult,8713
pov_hands,low_value,8637
out_of_frame,low_value,8580
cleavage_cutout,adult,8566
hololive_english,copyright,8375
precum,adult,8347
breast_sucking,adult,8344
cum_string,adult,8219
female_orgasm,adult,8145
girls'_frontline,copyright,8125
nipple_piercing,adult,8009
pov_crotch,low_value,7908
precure,copyright,7713
;d,bad_pattern,7653
love_live!,bad_pattern,7631
pubic_tattoo,adult,7490
alternate_breast_size,adult,7462
grabbing_own_breast,adult,7415
kemono_friends,copyright,7306
granblue_fantasy,copyright,6856
princess_connect!,bad_pattern,6821
one_breast_out,adult,6748
inverted_nipples,adult,6499
huge_penis,adult,6466
mahou_shoujo_madoka_magica,copyright,6311
after_fellatio,adult,6258
disembodied_penis,adult,6219
honkai_(series),copyright,6035
after_anal,adult,5789
girls_und_panzer,copyright,5735
side-tie_panties,adult,5684
chainsaw_man,copyright,5505
indie_virtual_youtuber,copyright,5441
projectile_cum,adult,5350
penis_on_face,adult,5303
cum_pool,adult,5256
danganronpa_(series),copyright,5221
striped_panties,adult,5162
implied_sex,adult,5146
blue_panties,adult,5117
nipple_slip,adult,5047
fate/stay_night,copyright,4996
imminent_vaginal,adult,4895
looking_at_penis,adult,4732
anal_beads,adult,4625
cum_on_stomach,adult,4451
naked_apron,adult,4363
penis_awe,adult,4281
breast_hold,adult,4208
league_of_legends,copyright,4205
bocchi_the_rock!,bad_pattern,4137
final_fantasy_xiv,copyright,4103
idolmaster_million_live!,bad_pattern,4099
gundam,copyright,4009
string_panties,adult,3939
artist_logo,low_value,3918
mahou_shoujo_madoka_magica_(anime),copyright,3884
lace-trimmed_panties,adult,3744
wet_panties,adult,3739
animal_penis,adult,3695
boku_no_hero_academia,copyright,3666
the_legend_of_zelda,copyright,3658
idolmaster_(classic),copyright,3644
breastplate,adult,3603
3girls,low_value,3519
!,bad_pattern,3515
anal_tail,adult,3492
voiceroid,copyright,3489
crotchless,adult,3444
mixed-sex_bathing,adult,3442
egg_vibrator,adult,3409
toaru_majutsu_no_index,copyright,3399
thigh_sex,adult,3347
double-breasted,adult,3343
pussy_juice_trail,adult,3266
pussy_juice_stain,adult,3248
naked_jacket,adult,3221
suzumiya_haruhi_no_yuuutsu,copyright,3208
pokemon_swsh,copyright,3158
persona,copyright,3136
purple_panties,adult,3128
neon_genesis_evangelion,copyright,3120
pokemon_sv,copyright,3117
kono_subarashii_sekai_ni_shukufuku_wo!,bad_pattern,3046
honkai:_star_rail,copyright,2986
honkai_impact_3rd,copyright,2978
nijisanji_en,copyright,2972
k-on!,bad_pattern,2965
necktie_between_breasts,adult,2933
aikatsu!_(series),bad_pattern,2931
erection_under_clothes,adult,2918
naruto_(series),copyright,2907
oshi_no_ko,copyright,2905
stray_pubic_hair,adult,2902
fire_emblem_heroes,copyright,2895
covering_crotch,adult,2887
;),bad_pattern,2886
chinese_text,low_value,2851
cum_on_feet,adult,2851
covering_breasts,adult,2838
sword_art_online,copyright,2810
pokemon_sm,copyright,2798
breast_pocket,adult,2786
love_live!_school_idol_project,bad_pattern,2771
bad_tumblr_id,low_value,2750
penis_grab,adult,2744
street_fighter,copyright,2707
remote_control_vibrator,adult,2685
mario_(series),copyright,2654
highleg_panties,adult,2646
fire_emblem:_three_houses,copyright,2642
condom_on_penis,adult,2621
male_masturbation,adult,2587
yu-gi-oh!,bad_pattern,2585
unworn_panties,adult,2572
project_sekai,copyright,2511
gochuumon_wa_usagi_desu_ka?,copyright,2504
twitching_penis,adult,2503
xenoblade_chronicles_(series),copyright,2475
lyrical_nanoha,copyright,2455
dark_nipples,adult,2439
final_fantasy_vii,copyright,2429
sample_watermark,low_value,2426
dragon_quest,copyright,2416
naked_towel,adult,2405
bad_anatomy,low_value,2403
pokemon_(anime),copyright,2386
red_panties,adult,2383
toaru_kagaku_no_railgun,copyright,2382
flower_knight_girl,copyright,2345
hand_in_panties,adult,2312
danganronpa_2:_goodbye_despair,copyright,2298
vibrator_under_clothes,adult,2291
gigantic_breasts,adult,2276
unaligned_breasts,adult,2236
one_piece,copyright,2222
ruu_(tksymkw),artist,2216
aikatsu!,bad_pattern,2168
tales_of_(series),copyright,2162
monogatari_(series),copyright,2155
rozen_maiden,copyright,2151
go-toubun_no_hanayome,copyright,2139
pussy_juice_puddle,adult,2112
pussy_peek,adult,2109
splatoon_(series),copyright,2108
bleach,copyright,2105
idolmaster_cinderella_girls_starlight_stage,copyright,2100
overwatch,copyright,2099
huge_nipples,adult,2084
cum_on_legs,adult,2059
penis_out,adult,2039
naked_ribbon,adult,2015
arm_under_breasts,adult,2008
bandaid_on_pussy,adult,1997
world_witches_series,copyright,1982
love_live!_nijigasaki_high_school_idol_club,bad_pattern,1961
;o,bad_pattern,1947
crotch_seam,adult,1926
spy_x_family,copyright,1922
project_moon,copyright,1904
nipple_rings,adult,1892
love_live!_sunshine!!,bad_pattern,1879
kou_hiyoyo,artist,1877
hara_(harayutaka),artist,1870
xenoblade_chronicles_2,copyright,1869
magia_record:_mahou_shoujo_madoka_magica_gaiden,copyright,1862
crotchless_panties,adult,1843
neptune_(series),copyright,1826
bishoujo_senshi_sailor_moon,copyright,1821
itomugi-kun,artist,1811
fate/extra,copyright,1809
imminent_fellatio,adult,1807
breasts_on_glass,adult,1804
!?,bad_pattern,1791
cum_on_hands,adult,1790
re:zero_kara_hajimeru_isekai_seikatsu,copyright,1779
touhou_(pc-98),copyright,1777
colored_pubic_hair,adult,1767
sagging_breasts,adult,1766
overwatch_1,copyright,1746
utau,copyright,1742
ragnarok_online,copyright,1741
assault_lily,copyright,1733
lucky_star,copyright,1732
excessive_cum,adult,1729
hammer_(sunset_beach),artist,1727
dragon_ball,copyright,1690
futanari_masturbation,adult,1682
cum_on_penis,adult,1678
cardcaptor_sakura,copyright,1675
cookie_(touhou),copyright,1660
anal_fingering,adult,1659
kamitsubaki_studio,copyright,1657
yurucamp,copyright,1654
fire_emblem_awakening,copyright,1644
sex_machine,adult,1636
apex_legends,copyright,1622
clothed_masturbation,adult,1617
code_geass,copyright,1615
invisible_penis,adult,1607
fate/kaleid_liner_prisma_illya,copyright,1604
crotch_rope,adult,1604
higurashi_no_naku_koro_ni,copyright,1598
boris_(noborhys),artist,1578
pokemon_bw2,copyright,1569
mega_man_(series),copyright,1517
naked_coat,adult,1513
dildo_riding,adult,1503
dark_penis,adult,1488
pokemon_dppt,copyright,1487
crotch_rub,adult,1482
finger_in_another's_mouth,unwanted,1476
the_king_of_fighters,copyright,1466
kitsunerider,artist,1466
naga_u,artist,1462
pussy_piercing,adult,1455
ixy,artist,1454
fire_emblem_fates,copyright,1447
horse_penis,adult,1436
black_pubic_hair,adult,1431
crotch,adult,1429
bandaids_on_nipples,adult,1428
lace_panties,adult,1422
nier_(series),copyright,1419
dead_or_alive,copyright,1416
elden_ring,copyright,1406
kobayashi-san_chi_no_maidragon,copyright,1388
green_panties,adult,1381
danganronpa:_trigger_happy_havoc,copyright,1380
kimetsu_no_yaiba,copyright,1378
kemono_friends_v_project,copyright,1378
idolmaster_million_live!_theater_days,bad_pattern,1376
mushoku_tensei,copyright,1374
persona_5,copyright,1360
guilty_gear,copyright,1355
pokemon_bw,copyright,1347
breast_rest,adult,1345
breast_lift,adult,1335
pokemon_xy,copyright,1329
belko,artist,1325
bang_dream!,bad_pattern,1320
gweda,artist,1310
mahou_shoujo_lyrical_nanoha,copyright,1302
neocoill,artist,1301
licking_nipple,adult,1292
masturbation_through_clothes,adult,1287
dog_penis,adult,1271
fate/apocrypha,copyright,1270
tsukihime,copyright,1264
nier:automata,copyright,1262
ebifurya,artist,1242
vibrator_under_panties,adult,1239
to_love-ru,copyright,1233
danganronpa_v3:_killing_harmony,copyright,1232
vibrator_cord,adult,1218
senki_zesshou_symphogear,copyright,1211
hololive_indonesia,copyright,1208
breast_bondage,adult,1206
eiyuu_densetsu,copyright,1199
spread_pussy_under_clothes,adult,1195
strike_witches,copyright,1193
aria_(manga),copyright,1164
cat_lingerie,adult,1159
naked_kimono,adult,1155
!!,bad_pattern,1151
lycoris_recoil,copyright,1150
to_heart_(series),copyright,1147
goddess_of_victory:_nikke,copyright,1140
kaguya-sama_wa_kokurasetai_~tensai-tachi_no_renai_zunousen~,bad_pattern,1134
m-da_s-tarou,artist,1134
small_penis,adult,1130
mizumizuni,artist,1125
atelier_(series),copyright,1122
perky_breasts,adult,1121
cum_on_pussy,adult,1117
real_life,copyright,1113
fellatio_gesture,adult,1113
breast_focus,adult,1112
rwby,copyright,1111
kagerou_project,copyright,1107
last_origin,copyright,1106
yuuhagi_(amaretto-no-natsu),artist,1105
cum_in_nose,adult,1097
mahou_shoujo_lyrical_nanoha_strikers,copyright,1096
smile_precure!,bad_pattern,1095
blazblue,copyright,1090
samneco,artist,1090
sonic_(series),copyright,1085
sexually_suggestive,adult,1085
the_legend_of_zelda:_breath_of_the_wild,bad_pattern,1078
pokemon_legends:_arceus,copyright,1068
kill_la_kill,copyright,1065
senran_kagura,copyright,1061
onii-chan_wa_oshimai!,bad_pattern,1059
fumihiko_(fu_mihi_ko),artist,1051
horosuke,artist,1050
resident_evil,copyright,1048
a.i._voice,copyright,1044
breast_slip,adult,1037
sumiyao_(amam),artist,1033
polka_dot_panties,adult,1026
vibrator_in_thighhighs,adult,1019
sincos,artist,1004
karyl_(princess_connect!),bad_pattern,999
anal_hair,adult,999
lolita_channel,artist,995
breast_suppress,adult,994
mismatched_pubic_hair,adult,994
persona_4,copyright,988
sono_bisque_doll_wa_koi_wo_suru,copyright,987
nipple_bar,adult,987
kanon_(kurogane_knights),artist,985
ore_no_imouto_ga_konna_ni_kawaii_wake_ga_nai,bad_pattern,983
ginhaha,artist,982
needy_girl_overdose,copyright,973
naruto_shippuuden,copyright,971
male_underwear,adult,970
artistic_error,low_value,961
nanashi_inc.,copyright,960
cum_in_clothes,adult,957
animal_crossing,copyright,955
naked_cape,adult,954
fire_emblem_engage,copyright,947
to_heart_2,copyright,944
metroid,copyright,939
galaga,copyright,936
pecorine_(princess_connect!),bad_pattern,933
nyantcha,artist,928
veiny_breasts,adult,928
kame_(kamepan44231),artist,925
kissing_penis,adult,924
helltaker,copyright,920
yellow_panties,adult,918
cum_in_container,adult,917
fire_emblem:_radiant_dawn,copyright,913
vibrator_on_nipple,adult,912
as109,artist,905
os-tan,copyright,903
fusu_(a95101221),artist,889
ishikei,artist,887
breastless_clothes,adult,887
print_panties,adult,883
monster_hunter_(series),copyright,877
elsword,copyright,877
bakemonogatari,copyright,877
gridman_universe,copyright,871
gundam_suisei_no_majo,copyright,871
pubic_hair_peek,adult,871
momo_no_sukebe,artist,871
vampire_(game),copyright,870
ini_(inunabe00),artist,868
taimanin_(series),copyright,868
amagami,copyright,864
;p,bad_pattern,863
surrounded_by_penises,adult,863
pokemon_oras,copyright,862
pussy_juice_drip_through_clothes,adult,862
hair_over_breasts,adult,861
pretty_(series),copyright,856
null_(nyanpyoun),artist,852
magical_mirai_(vocaloid),copyright,852
love_live!_superstar!!,bad_pattern,848
fate/extra_ccc,copyright,843
blonde_pubic_hair,adult,840
hibike!_euphonium,bad_pattern,839
the_legend_of_zelda:_tears_of_the_kingdom,bad_pattern,838
breast_tattoo,adult,834
darling_in_the_franxx,copyright,833
ilya_kuvshinov,artist,826
final_fantasy_vii_remake,copyright,826
light_areolae,adult,823
tengen_toppa_gurren_lagann,copyright,822
frilled_panties,adult,817
watashi_ga_motenai_no_wa_dou_kangaetemo_omaera_ga_warui!,bad_pattern,815
nikorashi-ka,artist,810
merunyaa,artist,809
rebuild_of_evangelion,copyright,804
yes!_precure_5,bad_pattern,801
knotted_penis,adult,798
excessive_pubic_hair,adult,797
sparse_pubic_hair,adult,796
limbus_company,copyright,789
ojipon,artist,787
breast_curtains,adult,787
kokkoro_(princess_connect!),bad_pattern,785
puyopuyo,copyright,780
saki,copyright,779
kujou_karasuma,artist,776
sousou_no_frieren,copyright,776
rough_sex,adult,775
yuru_yuri,copyright,773
cevio,copyright,773
cum_on_self,adult,773
hand_under_clothes,unwanted,772
super_smash_bros.,copyright,759
shoujo_kageki_revue_starlight,copyright,755
gundam_build_fighters,copyright,754
goma_(yoku_yatta_hou_jane),artist,749
forced_orgasm,adult,743
marvel,copyright,742
cum_on_eyewear,adult,741
taisa_(kari),artist,740
hospital_king,artist,740
jokanhiyou,artist,734
anti_(untea9),artist,731
clothes_between_breasts,adult,730
butcha-u,artist,727
angel_beats!,bad_pattern,725
fire_emblem:_path_of_radiance,copyright,724
otohime_(youngest_princess),artist,724
breast_curtain,adult,723
penis_to_breast,adult,723
atelier_ryza,copyright,722
dragon_ball_z,copyright,721
star_ocean,copyright,720
queen's_blade,copyright,720
ssss.gridman,copyright,716
armpit_sex,adult,716
zero_no_tsukaima,copyright,715
one-punch_man,copyright,714
kaamin_(mariarose753),artist,713
pokemon_masters_ex,copyright,711
holding_underwear,adult,701
monster_girl_encyclopedia,copyright,700
stained_panties,adult,698
sekaiju_no_meikyuu,copyright,696
digimon,copyright,695
clannad,copyright,695
persona_3,copyright,695
dungeon_ni_deai_wo_motomeru_no_wa_machigatteiru_darou_ka,bad_pattern,694
futari_wa_precure,copyright,693
guided_breast_grab,adult,692
stealth_sex,adult,692
kawashina_(momen_silicon),artist,691
bee_(deadflow),artist,690
eromanga_sensei,copyright,689
nipple_clamps,adult,689
holding_panties,adult,680
shingeki_no_kyojin,copyright,680
emotionless_sex,adult,679
macross,copyright,676
violet_evergarden,copyright,676
naked_sweater,adult,673
bursting_breasts,adult,671
mitya,artist,669
disgaea,copyright,662
punishing:_gray_raven,copyright,658
hews,artist,653
asteroid_ill,artist,653
dungeon_and_fighter,copyright,652
phantasy_star,copyright,650
rui_(sugar3),artist,650
anal_fluid,adult,649
a1,artist,648
hana_kazari,artist,648
violet_evergarden_(series),copyright,648
kemono_friends_3,copyright,648
sana_channel,copyright,647
cum_inflation,adult,646
dikko,artist,643
komi-san_wa_komyushou_desu,copyright,642
sen_no_kiseki,copyright,640
bad_nijie_id,low_value,640
ace_attorney,copyright,637
abubu,artist,637
nippleless_clothes,adult,634
doki_doki_literature_club,copyright,633
ajitarou_(setsu),artist,632
meyoco,artist,629
dark_areolae,adult,628
chuunibyou_demo_koi_ga_shitai!,bad_pattern,626
kirisawa_juuzou,artist,623
yahari_ore_no_seishun_lovecome_wa_machigatteiru.,copyright,623
watashi_ni_tenshi_ga_maiorita!,bad_pattern,623
yui_(princess_connect!),bad_pattern,622
jellytits-7,artist,622
crotch_cutout,adult,621
erere,artist,619
azasuke,artist,617
e.o.,artist,617
monster_musume_no_iru_nichijou,copyright,615
penis_over_eyes,adult,614
milkpanda,artist,613
tekken,copyright,611
tsugu_(vtuber),copyright,611
saren_(princess_connect!),bad_pattern,611
pripara,copyright,608
kanikama,artist,607
fire_emblem_echoes:_shadows_of_valentia,copyright,607
hungry_clicker,artist,604
implied_fellatio,adult,601
cumdump,adult,599
colored_nipples,adult,598
kino_no_tabi,copyright,595
cyberpunk_(series),copyright,595
toradora!,bad_pattern,588
arms_under_breasts,adult,587
hirogaru_sky!_precure,bad_pattern,586
used_condom_on_penis,adult,581
toosaka_asagi,artist,580
geewhy,artist,580
kakure_eria,artist,580
huge_dildo,adult,578
jojo_no_kimyou_na_bouken,copyright,577
sennen_sensou_aigis,copyright,577
waero,artist,577
gundam_seed,copyright,570
dc_comics,copyright,569
mamerakkkkko,artist,569
samurai_spirits,copyright,566
lobotomy_corporation,copyright,566
meow_(nekodenki),artist,563
imminent_anal,adult,563
censored_nipples,adult,563
hizaka,artist,562
;q,bad_pattern,559
library_of_ruina,copyright,559
mahou_shoujo_lyrical_nanoha_a's,copyright,557
asutora,artist,552
skullgirls,copyright,552
carnelian,artist,551
infinite_stratos,copyright,551
vahn_yourdoom,artist,551
afrobull,artist,551
pochincoff,artist,550
breastfeeding,adult,550
okina_ika,artist,549
project_voltage,copyright,548
happoubi_jin,artist,547
umineko_no_naku_koro_ni,copyright,545
super_robot_wars,copyright,545
penis_on_ass,adult,544
touhou_lost_word,copyright,543
namori,artist,542
majo_no_tabitabi,copyright,541
ranma_1/2,copyright,539
cyberpunk_edgerunners,copyright,536
chacharan,artist,534
lm_(legoman),artist,533
multi-strapped_panties,adult,532
panty_&_stocking_with_garterbelt,bad_pattern,531
takato_kurosuke,artist,529
fullmetal_alchemist,copyright,528
phantasy_star_online_2,copyright,528
the_legend_of_zelda:_twilight_princess,copyright,527
abmayo,artist,527
personal_ami,artist,526
fire_emblem:_genealogy_of_the_holy_war,copyright,525
kouji_(campus_life),artist,525
penis_size_difference,adult,524
warship_girls_r,copyright,521
tomu_(tomubobu),artist,517
soulcalibur,copyright,516
framed_breasts,adult,513
fire_emblem:_the_blazing_blade,copyright,511
rokugou_daisuke,artist,511
torn_panties,adult,511
onikobe_rin,artist,510
dragon_quest_iii,copyright,509
tenka_hyakken,copyright,509
after_masturbation,adult,509
sanrio,copyright,508
splatoon_3,copyright,508
fate/hollow_ataraxia,copyright,506
nt00,artist,506
little_witch_academia,copyright,505
summer_pockets,copyright,505
vspo!,bad_pattern,505
ryuuou_no_oshigoto!,bad_pattern,504
mega_man_(classic),copyright,503
kanpa_(campagne_9),artist,501
gmkj,artist,500
naked_hoodie,adult,500
greem_bang,artist,499
kantoku,artist,498
zombie_land_saga,copyright,498
boku_wa_tomodachi_ga_sukunai,copyright,495
ayu_(mog),artist,494
tk8d32,artist,494
sekina,artist,492
pokemon_sm_(anime),copyright,492
uzaki-chan_wa_asobitai!,bad_pattern,492
delicious_party_precure,copyright,491
b-ginga,artist,490
doukyuusei_another_world,copyright,490
kukie-nyan,artist,487
shengtian,artist,487
fire_emblem:_mystery_of_the_emblem,copyright,483
fatal_fury,copyright,482
bubukka,artist,482
snk,copyright,481
grey_panties,adult,481
camonome,artist,481
reverse_fellatio,adult,479
konpeto,artist,479
final_fantasy_xi,copyright,478
spider-man_(series),copyright,478
naked_bandage,adult,478
zheng,artist,478
rokuwata_tomoe,artist,476
tales_of_vesperia,copyright,474
karakai_jouzu_no_takagi-san,copyright,474
konoshige_(ryuun),artist,474
groin_tendon,adult,474
shinrabanshou,copyright,473
koha-ace,copyright,472
shakugan_no_shana,copyright,471
yuuki_setsuna_(love_live!),bad_pattern,471
xenoblade_chronicles_3,copyright,471
holding_sex_toy,adult,471
penis_under_another's_clothes,adult,471
nipple_pull,adult,470
mabinogi,copyright,469
dragon_quest_v,copyright,469
black_rock_shooter,copyright,468
sheya,artist,467
kurokoshou_(emuburemu123),artist,467
pubic_stubble,adult,467
fire_emblem:_the_binding_blade,copyright,466
aikatsu_stars!,bad_pattern,466
aaaa_(quad-a),artist,465
kyouka_(princess_connect!),bad_pattern,465
fresh_precure!,bad_pattern,464
pokemon_hgss,copyright,464
tweaking_own_nipple,adult,464
goma_(gomasamune),artist,462
tony_taka,artist,455
hanpenmaru,artist,455
bisexual_female,adult,455
splatoon_2,copyright,453
heartcatch_precure!,bad_pattern,452
zen33n,artist,452
cromachina,artist,451
puzzle_&_dragons,bad_pattern,450
untied_panties,adult,450
penis_over_one_eye,adult,449
piledriver_(sex),adult,448
rariatto_(ganguri),artist,447
meito_(maze),artist,446
spice_and_wolf,copyright,446
kamelie,artist,445
bad_feet,low_value,444
socha,artist,444
kiryu_manzoku,artist,444
bad_nicoseiga_id,low_value,443
penis_on_pussy,adult,442
ogami_kazuki,artist,440
tsukishiro_saika,artist,440
hyouka,copyright,440
seraziel,artist,439
kill_me_baby,copyright,438
cato_(monocatienus),artist,438
penis_tentacle,adult,438
shingeki_no_bahamut,copyright,436
hand_on_another's_penis,adult,436
warcraft,copyright,435
alice_in_wonderland,copyright,434
tsukudani_(coke-buta),artist,434
daizu_(melon-lemon),artist,434
reverse:1999,copyright,434
guilty_gear_strive,copyright,433
kurikara,artist,431
cum_bubble,adult,431
daram_(shappydude),artist,430
steins;gate,bad_pattern,429
rebe11,artist,429
dokidoki!_precure,bad_pattern,429
goblin_slayer!,bad_pattern,429
face_to_breasts,adult,429
mota,artist,428
nijisanji_kr,copyright,428
gundam_00,copyright,426
overlord_(maruyama),copyright,426
atelier_ryza_1,copyright,426
unfairr,artist,426
sakura_oriko,artist,425
gegege_no_kitarou,copyright,424
tales_of_graces,copyright,424
animal_focus,low_value,423
youkan,artist,422
cumulonimbus_cloud,adult,422
valtor,artist,422
yaomai,artist,422
new_super_mario_bros._u_deluxe,copyright,420
tokonone,artist,420
qqqrinkappp,artist,419
topu,artist,419
black_lagoon,copyright,418
capriccio,artist,418
pokemon_(classic_anime),copyright,417
date_a_live,copyright,417
jujutsu_kaisen,copyright,417
cum_on_fingers,adult,416
azumanga_daioh,copyright,415
amagi_brilliant_park,copyright,415
kinkymation,artist,415
asakuraf,artist,415
gundam_build_fighters_try,copyright,414
mouth_pull,unwanted,413
takeuchi_takashi,artist,412
kisaragi_nana,artist,412
star_twinkle_precure,copyright,411
fir3born,artist,411
fate/zero,copyright,410
splatoon_1,copyright,410
street_fighter_v,copyright,410
crumbles,artist,410
kurotama,artist,408
slugbox,artist,407
little_busters!,bad_pattern,406
fairy_tail,copyright,405
fingering_through_panties,adult,405
ano_hi_mita_hana_no_namae_wo_bokutachi_wa_mada_shiranai.,bad_pattern,404
optionaltypo,artist,404
tenken_(gotannda),artist,404
greatm8,artist,404
strap_between_breasts,adult,402
katawa_shoujo,copyright,402
unfinished_dream_of_all_living_ghost,copyright,402
made_in_abyss,copyright,401
dagasi,artist,401
summon_night,copyright,398
macross_frontier,copyright,398
kid_icarus,copyright,398
chahan_(fried_rice0614),artist,398
penis_on_head,adult,398
yu-gi-oh!_duel_monsters,bad_pattern,397
no_nipples,adult,397
ikari_manatsu,artist,396
sayori_(neko_works),artist,396
machikado_mazoku,copyright,395
umigarasu_(kitsune1963),artist,394
aa_megami-sama,copyright,393
yuiga_naoha,artist,393
sano_toshihide,artist,392
high_school_dxd,copyright,392
pointy_breasts,adult,392
mattaku_mousuke,artist,391
ancesra,artist,391
kamogawa_tanuki,artist,390
dark_souls_(series),copyright,390
ijiranaide_nagatoro-san,copyright,390
mahou_sensei_negima!,bad_pattern,389
yukito_(dreamrider),artist,389
minakami_(flyingman555),artist,388
kara_no_kyoukai,copyright,386
shirosato,artist,386
miyo_(ranthath),artist,386
tsukiyo_(skymint),artist,386
rotte_(1109),artist,386
nipple_penetration,adult,386
dannex009,artist,386
rance_(series),copyright,384
gundam_seed_destiny,copyright,383
transformers,copyright,383
boruto:_naruto_next_generations,copyright,382
covering_nipples,adult,382
di_gi_charat,copyright,381
mosha,artist,381
sofra,artist,379
moisture_(chichi),artist,379
wizarding_world,copyright,378
head_between_breasts,adult,378
bad_hands,low_value,377
serial_experiments_lain,copyright,376
eroe,artist,376
fjsmu,artist,374
pokemon_rse,copyright,373
jjune,artist,373
hoshi_san_3,artist,373
white_pubic_hair,adult,373
kashikaze,artist,372
shin'yashiki,artist,372
waterring,artist,372
lawson,copyright,371
panties_removed,adult,371
kannagi,copyright,370
nagioka,artist,370
beni_shake,artist,368
world_of_warcraft,copyright,368
murakami_suigun,artist,367
final_fantasy_tactics,copyright,367
tate_no_yuusha_no_nariagari,copyright,367
sword_art_online:_alicization,copyright,366
jjanda,artist,366
smelling_penis,adult,366
siu_(siu0207),artist,365
project_diva_(series),copyright,364
koruri,artist,364
cooperative_fellatio,adult,363
suujiniku,artist,362
dead_or_alive_5,copyright,361
world_flipper,copyright,361
seiken_densetsu,copyright,360
jcm2,artist,360
new_game!,bad_pattern,359
tenako_(mugu77),artist,359
kamen_rider,copyright,358
precum_drip,adult,358
janong,artist,358
op_na_yarou,artist,357
star_wars,copyright,356
nora_higuma,artist,355
ma_rukan,artist,354
voms,copyright,354
love_plus,copyright,353
wa_(genryusui),artist,353
kanon,copyright,352
bow_(bhp),artist,352
niwatazumi,artist,350
wool_(miwol),artist,350
yamashichi_(mtseven),artist,350
seo_tatsuya,artist,349
hiro_(hirohiro31),artist,349
melty_blood,copyright,348
yakob_labo,artist,347
touhou_cannonball,copyright,347
excessive_pussy_juice,adult,347
no_pussy,adult,346
lazyprocrastinator,artist,346
akira_(coffee_curry),artist,345
yunamaro,artist,345
petenshi_(dr._vermilion),artist,344
lvl_(sentrythe2310),artist,344
harry_potter_(series),copyright,343
dd_(ijigendd),artist,343
otokuyou,artist,343
yuuki_(princess_connect!),bad_pattern,343
keroro_gunsou,copyright,342
bosshi,artist,342
pokemon_frlg,copyright,342
aztodio,artist,342
idolmaster_1,copyright,341
god_eater,copyright,341
poronegi,artist,341
nironiro,artist,340
kawakami_rokkaku,artist,340
nipple_jewelry,adult,340
cian_yo,artist,340
inuyasha,copyright,339
jack_dempa,artist,339
vshojo,copyright,339
mole_on_pussy,adult,339
eto_(ikumika),artist,338
hekiga_(freelot),artist,337
cat_ear_panties,adult,337
fire_emblem:_the_sacred_stones,copyright,336
kin-iro_mosaic,copyright,336
breast_smother,adult,336
sawao,artist,336
falken_(yutozin),artist,335
denonbu,copyright,335
zunusama,artist,335
mon-musu_quest!,bad_pattern,334
randomboobguy,artist,334
naked_cloak,adult,334
cum_on_floor,adult,334
blue_pubic_hair,adult,334
fujisaki_hikari,artist,333
nichijou,copyright,333
mcdonald's,copyright,332
nagineko,artist,332
lambda_(kusowarota),artist,332
koku,artist,332
lowleg_panties,adult,332
cum_in_cup,adult,331
cum_through_clothes,adult,331
kunabishi,artist,331
seiken_densetsu_3,copyright,330
shiratama_(hockey),artist,330
muv-luv,copyright,329
hatsuzuki_527,artist,329
spider-verse,copyright,329
engiyoshi,artist,328
happinesscharge_precure!,bad_pattern,328
akchu,artist,328
tropical-rouge!_precure,bad_pattern,327
voicevox,copyright,327
wanaata,artist,327
uni8,artist,326
homare_(fool's_art),artist,326
tsukareta_san,artist,326
presenting_pussy,adult,326
mumu_(mumunyan),artist,326
yume_nikki,copyright,325
maria-sama_ga_miteru,copyright,324
dragon's_crown,copyright,323
ittokyu,artist,323
taimanin_asagi,copyright,323
nanashi_(nlo),artist,322
penis_shadow,adult,322
the_legend_of_zelda:_ocarina_of_time,copyright,321
kimi_no_na_wa.,copyright,321
haruhisky,artist,321
marukyuu_ameya,artist,319
bombergirl,copyright,319
dragon_ball_super,copyright,318
ekz_(robotekz),artist,318
onikokko,artist,318
nitroplus,copyright,317
moketa,artist,317
nahaki,artist,317
cle_masahiro,artist,317
avatar_legends,copyright,315
wacchi,artist,315
akisora,artist,315
oyari_ashito,artist,314
artist_self-insert,low_value,314
to_love-ru_darkness,copyright,314
yukichi_(eikichi),artist,314
shadowverse,copyright,314
;3,bad_pattern,313
momio,artist,313
rewrite,copyright,312
blade_(galaxist),artist,312
go!_princess_precure,bad_pattern,312
brown_pubic_hair,adult,312
tomose_shunsaku,artist,311
vibrator_in_thigh_strap,adult,311
aster_crowley,artist,311
hayate_no_gotoku!,bad_pattern,310
sword_art_online:_code_register,copyright,310
maplestory,copyright,310
working!!,bad_pattern,309
fellatio_under_mask,adult,309
ri-net,artist,308
ricegnat,artist,308
saenai_heroine_no_sodatekata,copyright,308
micro_panties,adult,308
annin_musou,artist,307
mae_(maesanpicture),artist,307
closers,copyright,306
mawaru_(mawaru),artist,305
guilty_gear_xrd,copyright,305
panties_on_penis,adult,305
pononozo,artist,304
bloodborne,copyright,303
mutual_masturbation,adult,303
nipple_cutout,adult,303
harigane_shinshi,artist,302
fire_emblem_warriors:_three_hopes,copyright,302
aqua_panties,adult,302
cum_in_panties,adult,302
lasterk,artist,301
synthesizer_v,copyright,301
mukka,artist,301
wss_(nicoseiga19993411),artist,300
tottotonero,artist,300
wild_arms,copyright,299
choujigen_game_neptune,copyright,299
gurande_(g-size),artist,299
chinomaron,artist,299
wataboku,artist,299
crotchless_pantyhose,adult,299
ubanis,artist,299
galaxy_angel,copyright,298
hibiki_(zerocodo),artist,298
hidamari_sketch,copyright,297
breast_milk,adult,297
j7w,artist,297
emurin,artist,296
yoshi_tama,artist,296
shirow_masamune,artist,296
kaiga,artist,296
tksand,artist,296
laserflip,artist,296
hajika,artist,296
dagashi_kashi,copyright,295
hunter_x_hunter,copyright,294
shokugeki_no_souma,copyright,294
nozo_(hitomiz),artist,294
alice_gear_aegis,copyright,293
pangya,copyright,292
sugano_manami,artist,292
luo_xiaohei_zhanji,copyright,292
bleach:_sennen_kessen-hen,copyright,292
nipple_chain,adult,292
kimoshi,artist,292
sakura_taisen,copyright,291
final_fantasy_x,copyright,291
chocolate_on_breasts,adult,291
yamada_(gotyui),artist,291
e20,artist,290
minecraft,copyright,290
kagami_hirotaka,artist,290
gabriel_dropout,copyright,290
yukie_(kusaka_shi),artist,290
mdf_an,artist,290
yamiochi_umekichi,artist,290
urushihara_satoshi,artist,289
fkey,artist,289
morino_hon,artist,288
ichikawa_feesu,artist,288
dragon_quest_iv,copyright,287
kiriyama_taichi,artist,287
marugoshi_(54burger),artist,286
cum_on_armpits,adult,286
bad_proportions,low_value,285
suite_precure,copyright,285
shin_jigen_game_neptune_vii,copyright,285
tofuubear,artist,285
blew_andwhite,artist,284
rtil,artist,284
boa_(brianoa),artist,284
lord_el-melloi_ii_case_files,copyright,284
idoly_pride,copyright,284
volkor,artist,284
deadnooodles,artist,283
bigrbear,artist,283
valorant,copyright,283
girls'_frontline_neural_cloud,copyright,283
naked_scarf,adult,283
john_doe,artist,282
senren_banka,copyright,281
spiked_penis,adult,281
penis_on_stomach,adult,281
ica,artist,280
peso_(cheese_company),artist,280
multiple_anal,adult,280
piapro,copyright,279
gsusart,artist,279
nagian,artist,277
gensou_suikoden,copyright,277
cucumber,adult,277
kumadano,artist,277
oda_ken'ichi,artist,277
yamamoto_souichirou,artist,277
penis_in_panties,adult,277
ebi_193,artist,276
nakamura_regura,artist,276
magukappu,artist,275
eonsang,artist,275
ishuzoku_reviewers,copyright,275
kasumi_(skchkko),artist,275
dildo_under_panties,adult,275
backless_panties,adult,275
nyong_nyong,artist,274
egami,artist,273
tales_of_symphonia,copyright,272
kirakira_precure_a_la_mode,copyright,272
yuni_(princess_connect!),bad_pattern,272
task_(s_task80),artist,272
izumi_tsubasu,artist,271
final_fantasy_v,copyright,271
ndgd,artist,271
potg_(piotegu),artist,271
dildo_under_clothes,adult,271
mitsumoto_jouji,artist,270
ergot,artist,270
akairiot,artist,270
kafu,artist,270
mogudan,artist,269
nekoguruma,artist,269
kanmiya_shinobu,artist,269
dolphin_wave,copyright,269
small_nipples,adult,269
pussy_cutout,adult,269
kei_(keigarou),artist,268
nyuu_(manekin-eko),artist,268
mekakucity_actors,copyright,268
fuya_(tempupupu),artist,268
taimanin_yukikaze,copyright,268
tantei_opera_milky_holmes,copyright,267
nisemonogatari,copyright,267
.live,copyright,267
koumei_(twinameless),artist,266
hinghoi,artist,266
yamu_(reverse_noise),artist,265
n:go,artist,265
senran_kagura_shoujo-tachi_no_shin'ei,copyright,265
shpo,artist,265
resident_evil_4,copyright,265
nao_(ritsancrossover),artist,265
roropull,artist,265
momoko_(momopoco),artist,264
dragon_quest_xi,copyright,264
kaigen_1025,artist,264
yuusha_de_aru,copyright,263
chocomiru,artist,263
vampire_(vocaloid),copyright,263
kilesha,artist,263
ao_banana,artist,263
jeneral,artist,263
mega_man_legends,copyright,262
shichimenchou,artist,261
sayonara_zetsubou_sensei,copyright,261
evangelion:_2.0_you_can_(not)_advance,copyright,261
akai_sashimi,artist,261
bb_(baalbuddy),artist,261
pokemon_xy_(anime),copyright,261
penis_measuring,adult,261
ino_(magloid),artist,260
roke_(taikodon),artist,260
norasuko,artist,260
yaneko_uta,artist,260
drawfag,artist,259
pole_(ppp1409),artist,259
kenshin187,artist,259
murata_range,artist,258
dragon_quest_viii,copyright,258
kyouda_suzuka,artist,258
dota_(series),copyright,258
sekai_seifuku:_bouryaku_no_zvezda,copyright,258
covered_penis,adult,258
ohisashiburi,artist,257
unowen,artist,256
aldehyde,artist,256
cum_on_back,adult,256
shoujo_to_ura_roji,copyright,256
bad_perspective,low_value,255
ootsuki_wataru,artist,255
rei_(tonbo0430),artist,255
musouzuki,artist,255
yd_(orange_maru),artist,255
street_fighter_6,copyright,255
shaped_pubic_hair,adult,255
va-11_hall-a,copyright,254
shuuko_(s_h_uuko),artist,254
fuzukikai,artist,254
kairunoburogu,artist,254
ponpu_(pumpkinsinclair),artist,254
tanaka_kusao,artist,253
muuran,artist,253
endou_hiroto,artist,253
yama_no_susume,copyright,252
gar32,artist,252
onigirikun,artist,252
nyaru_(nyaru_4126),artist,251
brave_witches,copyright,250
hoshizuki_(seigetsu),artist,250
matanonki,artist,250
m&m_(mickey_and_mackey),bad_pattern,250
kizuna_ai_inc.,copyright,250
mashiro_yukiya,artist,250
amano_kouki,artist,249
tera_online,copyright,249
re:stage!,bad_pattern,249
hugtto!_precure,bad_pattern,249
kuro_no_kiseki,copyright,249
purple_pubic_hair,adult,249
twitter,copyright,248
nishi_koutarou,artist,248
criis-chan,artist,248
pentagon_(railgun_ky1206),artist,248
hama!_(3toshinhmkz),bad_pattern,248
blvefo9,artist,248
extra_penises,adult,248
kidou_senkan_nadesico,copyright,247
dota_2,copyright,247
see-through_cleavage,adult,247
hololive_dev_is,copyright,247
too_many_sex_toys,adult,247
naked_capelet,adult,247
chikaretsu,artist,247
hitomaru,artist,246
shakemi_(sake_mgmgmg),artist,246
idolmaster_cinderella_girls_u149,copyright,246
fakepucco,artist,245
tales_of_the_abyss,copyright,245
mocha_(cotton),artist,245
fathom,artist,245
red_pubic_hair,adult,245
aestheticc-meme,artist,245
pani_poni_dash!,bad_pattern,244
street_fighter_iv_(series),copyright,244
non_non_biyori,copyright,244
misekai_555,artist,244
hands_on_own_breasts,adult,244
licking_breast,adult,244
kurokaji,artist,244
furau,artist,244
kotobuki_(momoko_factory),artist,243
yoban,artist,243
hayashi_custom,artist,243
megido72,copyright,243
breast_expansion,adult,243
gigantic_penis,adult,243
final_fantasy_vi,copyright,242
namauni,artist,242
kiikii_(kitsukedokoro),artist,242
pixie_willow_(voice_actor),artist,242
air_(visual_novel),copyright,241
futa_(nabezoko),artist,241
ebiblue,artist,241
hataraku_saibou,copyright,241
orange_panties,adult,241
ido_(teketeke),artist,240
spider-man:_into_the_spider-verse,copyright,240
bisexual_male,adult,240
oni-noboru,artist,240
odawara_hakone,artist,239
core_(mayomayo),artist,239
kneepit_sex,adult,239
peroponesosu.,artist,238
ojamajo_doremi,copyright,237
yanagi_(nurikoboshi),artist,237
mahou_shoujo_madoka_magica:_hangyaku_no_monogatari,copyright,237
hitotsuki_nebura,artist,237
kaoling,artist,237
mushi024,artist,237
chicago-x,artist,237
hella_p,artist,237
renetan,artist,237
saiguchi_otoufu,artist,236
eureka_seven_(series),copyright,236
coca-cola,copyright,236
mikomachi_(35machi),artist,236
cum_on_figure,adult,236
thor_(deep_rising),artist,236
blue-senpai,artist,236
yuuji_(and),artist,235
gabriel_evangel,artist,235
blend_s,copyright,235
minimap,low_value,235
yakihebi,artist,235
menma_(enaic31),artist,235
ichigo_mashimaro,copyright,234
shimokirin,artist,234
ld_(luna_dial398),artist,234
tenchi_muyou!,bad_pattern,233
suzumiya_haruhi_no_shoushitsu,copyright,233
bad_deviantart_id,low_value,233
846-gou,artist,233
kid_icarus_uprising,copyright,233
kanabun,artist,233
iizuki_tasuku,artist,233
public_vibrator,adult,233
warioware,copyright,232
ham_(points),artist,232
kingdom_hearts,copyright,232
star_ocean_anamnesis,copyright,232
born-to-die,artist,232
multiple_vaginal,adult,232
dog_days,copyright,231
jako_(jakoo21),artist,231
clothed_after_sex,adult,231
meitantei_conan,copyright,230
dokomon,artist,230
chloe_(princess_connect!),bad_pattern,230
hu_dako,artist,230
vrchat,copyright,229
masuyama_ryou,artist,229
viper,copyright,229
cum_in_navel,adult,229
lipstick_mark_on_penis,adult,229
nonoyama,artist,229
arm_between_breasts,adult,228
e10,artist,228
shantae_(series),copyright,228
boushi-ya,artist,227
shirobako,copyright,227
show_by_rock!!,bad_pattern,227
kupa_(jesterwii),artist,227
utawarerumono,copyright,226
soul_eater,copyright,226
lainart,artist,226
sugimura_tomokazu,artist,225
yes!_precure_5_gogo!,bad_pattern,225
super_mario_galaxy,copyright,225
rantana_(lalalalackluster),artist,225
sunna_(nilsunna),artist,225
my-hime,copyright,224
shinryaku!_ikamusume,bad_pattern,224
kotatu_(akaki01aoki00),artist,224
the_legend_of_zelda:_a_link_between_worlds,bad_pattern,224
heripantomorrow,artist,224
phantom_ix_row,artist,224
kanno_takanori,artist,224
valitran,artist,224
muv-luv_alternative,copyright,223
street_fighter_zero_(series),copyright,223
asamura_hiori,artist,223
katsuobushi_(eba_games),artist,223
enjaku_izuku,artist,223
sorapoi,artist,223
waka_(wk4444),artist,223
myuu_(arisumeria),artist,223
saren_(summer)_(princess_connect!),bad_pattern,223
naked_sheet,adult,223
hand_in_another's_panties,adult,223
jonylaser,artist,223
fi-san,artist,223
saliva_on_penis,adult,223
quiz_magic_academy,copyright,222
arcana_heart,copyright,222
m.u.g.e.n,copyright,222
teen_titans,copyright,222
musaigen_no_phantom_world,copyright,222
healin'_good_precure,copyright,222
kanojo_okarishimasu,copyright,222
pokemon_dppt_(anime),copyright,222
eureka_seven,copyright,221
onmyoji,copyright,221
sunhyun,artist,221
kawatsu_yuuki,artist,221
grey_pubic_hair,adult,221
hand_on_own_crotch,adult,221
borscht_(artist),low_value,221
stone_ocean,copyright,220
breast_cutout,adult,220
riddle_joker,copyright,220
lynus,artist,220
d4dj,copyright,220
itou_yuuji,artist,219
youjo_senki,copyright,219
tensei_shitara_slime_datta_ken,copyright,219
d-rex,artist,219
darumoon,artist,219
gin'you_haru,artist,219
n9at,artist,219
atahuta,artist,218
shino_(ponjiyuusu),artist,218
ushiyama_ame,artist,218
shinozuka_jouji,artist,218
rabbit_vibrator,adult,218
testa,artist,218
hanazawa_suou,artist,218
pixiv_fantasia,copyright,217
nijisanji_id,copyright,217
pokemon_journeys,copyright,217
dakemakura-koubou,artist,217
hero_neisan,artist,217
mk_(mod0),artist,216
rinto_(rint_rnt),artist,216
chigusa_minori,artist,216
monchan_rev3,artist,216
maboroshi_mochi,artist,215
rom_(20),artist,215
yutakasan-love,artist,215
shoujo_kakumei_utena,copyright,214
fate/prototype,copyright,214
final_fantasy_iv,copyright,214
silly_(marinkomoe),artist,214
hagure_kedama,artist,214
umanosuke,artist,213
touken_ranbu,copyright,213
matsumotoke,artist,213
pochimaru_(marumaru_wanwan),artist,213
self_breast_sucking,adult,213
tucked_penis,adult,213
nintendo,copyright,212
shibafu_(glock23),artist,212
undertale,copyright,212
morino_donguri,artist,212
kon-kit,artist,212
nipple_rub,adult,212
hase_yu,artist,211
bishoujo_mangekyou,copyright,211
sugiyuu,artist,211
ouma_tokiichi,artist,211
senpai_ga_uzai_kouhai_no_hanashi,copyright,211
amog,artist,211
double_anal,adult,211
cumdrip_onto_panties,adult,211
yotsubato!,bad_pattern,210
ghost_in_the_shell,copyright,210
ainy,artist,210
toaru_kagaku_no_mental_out,copyright,210
amasora_taichi,artist,210
rice_shower_(make_up_vampire!)_(umamusume),bad_pattern,210
muk_(monsieur),artist,210
naked_overalls,adult,210
rei_(rei's_room),artist,209
hisahiko,artist,209
kirby_(series),copyright,209
ninimo_nimo,artist,209
miazi,artist,209
kloah,artist,209
chakabo,artist,209
tarakanovich,artist,208
senran_kagura_shinovi_versus,copyright,208
faustsketcher,artist,208
daiaru,artist,208
the_ring,copyright,207
indie_utaite,copyright,207
monikano,artist,207
chups,artist,207
counter:side,copyright,207
nagatsukiin,artist,207
to_heart,copyright,206
suigetsu,copyright,206
tsugumomo,copyright,206
yoshizaki_mine,artist,206
sou_(soutennkouchi),artist,206
macross_delta,copyright,206
ichi-go,artist,206
cafe_stella_to_shinigami_no_chou,copyright,206
mo_(kireinamo),artist,206
penis_ribbon,adult,206
da_capo,copyright,205
mikagami_sou,artist,205
pokemon_adventures,copyright,205
h&k_hk416,bad_pattern,205
sewayaki_kitsune_no_senko-san,copyright,205
monster_hunter_rise,copyright,205
neko_neko_koneko,artist,205
kani_biimu,artist,204
rosario+vampire,copyright,204
evangelion:_3.0_you_can_(not)_redo,copyright,204
aikatsu_friends!,bad_pattern,204
ie_(raarami),artist,204
dermar,artist,204
one_piece_film:_red,copyright,204
9-nine-,copyright,204
tsunbeji,artist,204
xenosaga,copyright,203
dream_c_club_(series),copyright,203
hanekoto,artist,203
tsukihime_(remake),copyright,203
kotoribako,artist,203
dark_souls_iii,copyright,203
neet_co.,artist,203
bad_end,low_value,202
kuroi_mimei,artist,202
sakeharasu,artist,202
dairoku_ryouhei,copyright,202
iwbitu,artist,202
touhou_tag_dream,copyright,202
onegai_my_melody,copyright,201
nanao_naru,artist,201
heaven_burns_red,copyright,201
cedar_(cedar_japonica),artist,201
mark_gavatino,artist,201
toraishi_666,artist,201
futaba_channel,copyright,200
toritora,artist,200
takaman_(gaffe),artist,200
butterchalk,artist,200
nearly_naked_apron,adult,200
sei_shoujo,artist,200
kutan,artist,200
makai_senki_disgaea,copyright,199
shinama,artist,199
metal_gear_(series),copyright,199
yua_(checkmate),artist,199
chamaruk,artist,199
ib,copyright,199
ginko_(silver_fox),artist,199
mahjong_soul,copyright,199
omori,copyright,199
nipple_torture,adult,199
nanoless,artist,199
kei_jiei,artist,198
senjou_no_valkyria_(series),copyright,198
kankan33333,artist,198
oekakizuki,artist,198
mayura_(lucadia),artist,198
niliu_chahui,artist,198
jashin-chan_dropkick,copyright,198
kyoufuu_all_back_(vocaloid),copyright,198
penises_touching,adult,198
fluffydango,artist,198
tsubasa_(abchipika),artist,197
sazanami_mio,artist,197
em_(totsuzen_no_hakike),artist,197
komaku_juushoku,artist,197
shoujo_kageki_revue_starlight_-re_live-,copyright,197
pumpkinspicelatte,artist,197
overwatch_2,copyright,197
hot_vr,artist,197
itou_(onsoku_tassha),artist,196
oryo_(oryo04),artist,196
dream_c_club,copyright,196
agawa_ryou,artist,196
minosu,artist,196
naked_skirt,adult,196
misaka_12003-gou,artist,196
rustle,artist,195
himawari-san,copyright,195
tsuki_tokage,artist,195
kojima_saya,artist,195
hair_between_breasts,adult,195
breath_of_fire,copyright,194
kippuru,artist,194
jazz_jack,artist,194
green_pubic_hair,adult,194
mochirong,artist,194
school_rumble,copyright,193
nada_haruka,artist,193
vent_arbre,artist,193
maccha_(mochancc),artist,193
kuya_(hey36253625),artist,193
breasts_on_table,adult,193
love_live!_school_idol_festival_all_stars,bad_pattern,193
fuji_(pixiv24804665),artist,193
sunaba_suzume,artist,193
hikarikmy,artist,193
underwater_sex,adult,193
rudoni,artist,193
implied_anal,adult,193
shacho_(ko_no_ha),artist,193
nigou,artist,192
tima,artist,192
kazuharu_kina,artist,192
7th_dragon_(series),copyright,192
yuuji_(yukimimi),artist,192
shamakho,artist,192
wasabi60,artist,192
alp,artist,192
breast_poke,adult,192
island_(kossori),artist,192
satou_kuuki,artist,192
ninai,artist,192
mizuki_makoto,artist,191
zankuro,artist,191
kuppipi_ramutarou,artist,191
black_clover,copyright,191
garouma,artist,191
haru_(konomi_150),artist,191
techi_(techi35499),artist,191
pussy_jewelry,adult,191
yoko_juusuke,artist,191
star_ocean_the_second_story,copyright,190
akane_souichi,artist,190
my_little_pony,copyright,190
kakizaki_(chou_neji),artist,190
love_live!_school_idol_festival,bad_pattern,190
anabone,artist,190
aposine,artist,190
kimtoxic,artist,190
mamimi_(mamamimi),artist,190
hairu,artist,189
ke-ta,artist,189
puuzaki_puuna,artist,189
stealth_masturbation,adult,189
massala,artist,188
capcom,copyright,188
shin_(new),artist,188
terrajin,artist,188
ikeuchi_tanuma,artist,188
greenopi,artist,188
taisho_(gumiyuki),artist,188
tanabe_(fueisei),artist,188
wakataku,artist,188
kashiwamochi_yomogi,artist,187
tasaka_shinnosuke,artist,187
rune_factory,copyright,187
avatar:_the_last_airbender,copyright,187
final_fantasy_ix,copyright,187
naoto_(tulip),artist,187
sumeragi_kohaku,artist,187
wakamatsu372,artist,187
taira_yuuki,artist,187
gulp5959,artist,187
hito_komoru,artist,187
hanada_yanochi,artist,187
barbarian_tk,artist,187
soso_(chlgksk110),artist,187
read_or_die,copyright,186
analog_clock,adult,186
interstellar,artist,186
mozukuzu_(manukedori),artist,186
alchemy_stars,copyright,186
douluo_dalu,copyright,186
incase,artist,186
artoria_pendragon_(alter_swimsuit_rider)_(second_ascension)_(fate),bad_pattern,186
takashia_(akimototakashia),artist,186
ito_noizi,artist,185
sakurazawa_izumi,artist,185
choco_chip,artist,185
na-ga,artist,185
warhammer_40k,copyright,185
evillious_nendaiki,copyright,185
sixten,artist,185
eiyuu_senki,copyright,185
yoon_cook,artist,185
hondaranya,artist,185
shinmon_akika,artist,185
hou_(hachiyou),artist,185
koi_wa_sensou_(vocaloid),copyright,184
sakimori_(hououbds),artist,184
ririko_(zhuoyandesailaer),artist,184
dragon_ball_fighterz,copyright,184
chihuri,artist,184
kurotofu,artist,184
nocopyrightgirl,artist,184
h2o_(ddks2923),artist,184
cyancapsule,artist,184
madou_monogatari,copyright,183
youtube,copyright,183
joy_ride,artist,183
world_trigger,copyright,183
shiki_(psychedelic_g2),artist,183
jill_07km,artist,183
love_hina,copyright,182
mikazuki_akira!,bad_pattern,182
akina_tsukako,artist,182
kereno,artist,182
sakimori_dan,artist,182
konnyaku_(kk-monmon),artist,182
ohlia,artist,182
chiyo_(pk19981234),artist,182
matanukinuki,artist,182
shibori_kasu,artist,182
shugo_chara!,bad_pattern,181
yajirushi_(chanoma),artist,181
masukuza_j,artist,181
gakkou_gurashi!,bad_pattern,181
splush_wave,artist,181
nephlite,artist,181
darker_than_black,copyright,180
hizuki_yayoi,artist,180
kaisen_chuui,artist,180
uccow,artist,180
hiten_(hitenkei),artist,180
sills,artist,180
shironeko_project,copyright,180
u_yuz_xx,artist,180
kaminari_doon,artist,180
p_(tidoriashi),artist,180
pepper0,artist,180
cookie_run,copyright,179
dragalia_lost,copyright,179
mirin_chikuwa,artist,179
cum_on_food,adult,179
blue_nipples,adult,179
darkmaya,artist,179
umezawa_itte,artist,179
mikeou,artist,178
t2r,artist,178
fuji_shinobu,artist,178
midorikawa_you,artist,178
hentai_key,copyright,178
piyodesu,artist,178
suzushiro_(suzushiro333),artist,178
persona_5_the_royal,copyright,178
whoosaku,artist,178
aoi_nagisa_(metalder),artist,178
precum_string,adult,178
munashi_mujou,artist,178
exlic,artist,178
mega_man_battle_network_(series),copyright,177
mimonel,artist,177
hamada_yoshikazu,artist,177
tokyo_7th_sisters,copyright,177
nadegata,artist,177
jun_(aousa0328),artist,177
mega_man_x_(series),copyright,176
lpip,artist,176
ajishio,artist,176
sanoba_witch,copyright,176
ridy_(ri_sui),artist,176
atelier_ryza_2,copyright,176
embodiment_of_scarlet_devil,copyright,175
devil_may_cry_(series),copyright,175
zellam,artist,175
do_m_kaeru,artist,175
kionant,artist,175
kizaki_yuuri,artist,175
aki99,artist,175
togutogu,artist,175
mega_man_zero_(series),copyright,174
maachin,artist,174
chrono_trigger,copyright,174
kozakura_(dictionary),artist,174
bubuzuke,artist,174
lasto,artist,174
miraa_(chikurin),artist,174
shizuna_kaede,artist,173
yasume_yukito,artist,173
morinaga_miki,artist,173
donguri_suzume,artist,173
long_nipples,adult,173
double_vaginal,adult,173
hyouuma,artist,173
jigoku_shoujo,copyright,172
7010,artist,172
kokudou_juunigou,artist,172
feral_lemma,artist,172
gemi,artist,172
yuusha_to_maou,copyright,172
mikoyan,artist,172
ramudia_(lamyun),artist,172
eudetenis,artist,172
liz_to_aoi_tori,copyright,172
casino_(casinoep),artist,172
putama,artist,172
fumutarou,artist,172
nanohana_(november.),artist,172
f-ism,copyright,171
ukagaka,copyright,171
kusaka_souji,artist,171
muririn,artist,171
houtengeki,artist,171
hinata_yuu,artist,171
oouso,artist,171
my_little_pony:_friendship_is_magic,copyright,171
mikakunin_de_shinkoukei,copyright,171
nassukun,artist,171
seneto,artist,171
sakakiba_misogi,artist,171
sugue_tettou,artist,171
epic_seven,copyright,171
hitoribocchi_no_marumaru_seikatsu,copyright,171
jikuno,artist,171
tail_masturbation,adult,171
un_medium_breasts,adult,171
misaki_kurehito,artist,170
ryunnu,artist,170
abara_heiki,artist,170
hakika,artist,170
pas_(paxiti),artist,170
han_(jackpot),artist,170
inazuma_eleven_(series),copyright,170
dragon_ball_(classic),copyright,170
fujieda_uzuki,artist,170
rebecca_(keinelove),artist,170
takeshima_eku,artist,170
umino_mokuzu_(shizumisou),artist,170
86_-eightysix-,copyright,170
sadahiro_(chicken_nugget_gyuuniku_aji),artist,170
sekaiju_no_meikyuu_1,copyright,169
v-mag,artist,169
hino_akane_(smile_precure!),bad_pattern,169
maji_de_watashi_ni_koi_shinasai!,bad_pattern,169
saki_achiga-hen,copyright,169
oimanji,artist,169
nikku_(ra),artist,169
masayo_(gin_no_ame),artist,169
final_fantasy_xv,copyright,169
pink_ocean,artist,169
rikume,artist,169
zoids,copyright,168
jingai_modoki,artist,168
sawayaka_samehada,artist,168
bayonetta_(series),copyright,168
riichu,artist,168
kichihachi,artist,168
clearite,artist,168
st.germain-sal,artist,168
tape_on_pussy,adult,168
zero_no_kiseki,copyright,167
mountain_han,artist,167
okuri_banto,artist,167
yuuki_yuuna_wa_yuusha_de_aru,copyright,167
alexi_(tits!),bad_pattern,167
ken_(coffee_michikusa),artist,166
star_ocean_till_the_end_of_time,copyright,166
sankuma,artist,166
torino_aqua,artist,166
rou-kyuu-bu!,bad_pattern,166
gate_-_jieitai_ka_no_chi_nite_kaku_tatakaeri,bad_pattern,166
kamille_(vcx68),artist,166
shin'ya_(shin'yanchi),artist,166
awai880,artist,166
oza_osuwari,artist,166
kaiman_garupan,artist,166
todding,artist,166
namamo_nanase,artist,165
heckler_&_koch,bad_pattern,165
axis_powers_hetalia,copyright,165
ayagi_daifuku,artist,165
shefu,artist,165
ikuchan_kaoru,artist,165
ataru_(ataru-littlebird),artist,165
soulworker,copyright,165
pokemon_lgpe,copyright,165
soredemo_ayumu_wa_yosetekuru,copyright,165
hisha_(kan_moko),artist,165
shiratsuki_shiori,artist,165
devilukez,artist,165
shaggy_susu,artist,165
hamao,artist,164
bayonetta,copyright,164
jeno,artist,164
hitotose_rin,artist,164
mashiro_aa,artist,164
oshiete!_galko-chan,bad_pattern,164
shiseki_hirame,artist,164
cottontailtokki,artist,164
colorful_palette,artist,164
tenpa_(tenpa2190),artist,164
penis_milking,adult,164
naked_necktie,adult,164
panties_around_ankles,adult,164
ah-lyong_lee,artist,164
cla_(finesoda),artist,164
akatsuki_akane,artist,163
gintama,copyright,163
hima,artist,163
pixiv,copyright,163
little_busters!_school_uniform,bad_pattern,163
mifuru,artist,163
syunzou,artist,163
nisekoi,copyright,163
under_night_in-birth,copyright,163
dungeons_and_dragons,copyright,163
muu_(mumumer),artist,163
neruzou,artist,163
re:creators,copyright,163
spicy_moo,artist,163
goe_(g-o-e),artist,163
identity_v,copyright,163
hand_on_breast,adult,163
dove_pixie,artist,163
phase_connect,copyright,163
sex_toy_pull,adult,163
mapar,artist,163
gin'ichi_(akacia),artist,162
yamaguchi_yuu,artist,162
kodomo_no_jikan,copyright,162
kso,artist,162
katahira_masashi,artist,162
tomoshibi_hidekazu,artist,162
mashayuki,artist,162
ume_(plumblossom),artist,162
shigino_sohuzi,artist,162
pettan_p,artist,162
haiyore!_nyaruko-san,bad_pattern,162
h_kasei,artist,162
jacy,artist,162
ramanda,artist,162
bad_hentai-foundry_id,low_value,162
ai_shite!_homun,bad_pattern,162
docozi,artist,162
my-otome,copyright,161
tori_(minamopa),artist,161
yu-gi-oh!_5d's,bad_pattern,161
cura,artist,161
suna_(s73d),artist,161
redcomet,artist,161
ishii_hisao,artist,161
batta_(ijigen_debris),artist,161
tamako_market,copyright,161
no_game_no_life,copyright,161
maou_alba,artist,161
miyoshi_yoshimi,artist,161
fyuo,artist,161
doukyuusei,copyright,161
kirishima_satoshi,artist,160
final_fantasy_xiii,copyright,160
hebitsukai,artist,160
shinonome_asu,artist,160
final_fight,copyright,160
junk_gaming_maiden,copyright,160
reiq,artist,160
simao_(x_x36131422),artist,160
mine_(peak),artist,160
harumachi_nagaaki,artist,160
makinaru,artist,160
tedain,artist,160
heart-shaped_pubic_hair,adult,160
purple_nipples,adult,160
perfect_cherry_blossom,copyright,159
beatmania_iidx,copyright,159
torotei,artist,159
iesupa,artist,159
final_fantasy_xii,copyright,159
kaorihero,artist,159
welt_(kinsei_koutenkyoku),artist,159
gorgeous_mushroom,artist,159
himura_moritaka,artist,159
ambience_synesthesia,copyright,159
dyun,artist,159
hand_on_own_penis,adult,159
nokoppa,artist,159
alber,artist,159
gishu,artist,159
usashiro_mani,artist,158
takana_shinno,artist,158
mitsudomoe,copyright,158
chamaji,artist,158
mahou_girls_precure!,bad_pattern,158
danganronpa_3_(anime),copyright,158
sekai_saisoku_no_panda,artist,158
fate/grand_order_arcade,copyright,158
tetuw,artist,158
katsuwo_(cr66g),artist,158
bbc-chan,artist,158
miyamoto_musashi_(swimsuit_berserker)_(second_ascension)_(fate),bad_pattern,158
jon_(pixiv31559095),artist,158
waktaverse,copyright,158
akino_hamo,artist,158
kotatsu_(kotatsu3),artist,158
ankoku_emu_shougun,artist,158
nishieda,artist,157
fuzichoco,artist,157
andou_shuki,artist,157
guweiz,artist,157
okota_mikan,artist,157
kerok_(joniko1110),artist,157
chieru_(princess_connect!),bad_pattern,157
distr,artist,157
denki_showgun,artist,157
nopetroto,artist,157
viroa,artist,157
tenshi_souzou_re-boot!,bad_pattern,157
public_masturbation,adult,157
linda,artist,157
see-through_panties,adult,157
komi_zumiko,artist,156
tsuda_nanafushi,artist,156
futari_wa_precure_max_heart,copyright,156
futari_wa_precure_splash_star,copyright,156
powerpuff_girls,copyright,156
hanauna,artist,156
the_legend_of_zelda:_skyward_sword,copyright,156
naruse_mai,artist,156
girlfriend_(kari),copyright,156
owa_(ishtail),artist,156
mujinbensin,artist,156
brand_new_animal,copyright,156
yachima_tana,artist,156
mamei_mema,artist,156
moral_cacoethes,artist,156
henria,artist,156
mokke_(mokke99),artist,156
torisan,artist,156
fuooooo,artist,156
haniwa_(leaf_garden),artist,155
zun_(artist),low_value,155
gotou_hisashi,artist,155
maakun_(makun_dx),artist,155
huyumitsu,artist,155
shingyou_(alexander-13),artist,155
virtuareal,copyright,155
eddybird55555,artist,155
foot_pussy,adult,155
hechi,artist,155
autofellatio,adult,155
yua_(argaoffroad),artist,155
chan_co,artist,154
night_sparrow_love,copyright,154
saga,copyright,154
dark_souls_i,copyright,154
kumiko_shiba,artist,154
rui_shi_(rayze_ray),artist,154
bellhenge,artist,154
kuro_kosyou,artist,154
tenchisouha,artist,154
hikashima_(shiofune),artist,154
tenki_no_ko,copyright,154
makoto_(princess_connect!),bad_pattern,154
muoto,artist,154
azure-maya,artist,154
lunch_(shin_new),artist,153
ikeda_ruriko,artist,153
nyamota,artist,153
shinmai_(kyata),artist,153
masara_(chuujou),artist,153
kyoukaisenjou_no_horizon,copyright,153
isshiki_(ffmania7),artist,153
yoru_nai,artist,153
ateoyh,artist,153
fate/requiem,copyright,153
raine_(acke2445),artist,153
suoiresnu,artist,153
saigado,artist,153
kidmo,artist,153
maenchu,artist,153
weno,artist,152
puyopuyo_fever,copyright,152
shirabi,artist,152
yume_shokunin,artist,152
ragho_no_erika,artist,152
dairi,artist,152
sazamiso_rx,artist,152
karasusou_nano,artist,152
ett,artist,152
mikozin,artist,152
shizuru_(princess_connect!),bad_pattern,152
double_dildo,adult,152
kumasteam,artist,152
chihunhentai,artist,152
orphen_(pink_seito),artist,152
sasahara_yuuki,artist,151
kurona,artist,151
ar_tonelico,copyright,151
ganto,artist,151
shoujo_donburi,artist,151
tsunderia,copyright,151
uni_souchou,artist,151
youmu-kun,artist,151
plaid_panties,adult,151
nipples_pressed_together,adult,151
cafekun,artist,151
suzuhira_hiro,artist,150
world_is_mine_(vocaloid),copyright,150
cait_aron,artist,150
horikou,artist,150
sengoku_collection,copyright,150
reddizen,artist,150
alpha_(yukai_na_nakamatachi),artist,150
ssss.dynazenon,copyright,150
boppin,artist,150
crotch_zipper,adult,150
tsudero,artist,150
elleciel.eud,artist,150
panties_on_head,adult,149
hinami047,artist,149
resident_evil_2,copyright,149
mika_pikazo,artist,149
gundam_build_divers,copyright,149
wagashi_(dagashiya),artist,149
berserk,copyright,148
slayers,copyright,148
shokuyou_mogura,artist,148
oshiro_project,copyright,148
013_(hamsasuke),artist,148
fluegel_(kaleido_scope-710),artist,148
little_witch_nobeta,copyright,148
mossacannibalis,artist,148
brown_panties,adult,148
simulated_fellatio,adult,148
circussion,artist,148
audible_internal_cumshot,adult,148
saihate_(vocaloid),copyright,147
rikatan,artist,147
dragon_quest_vii,copyright,147
mauve,artist,147
tokyo_ghoul,copyright,147
hyrule_warriors,copyright,147
yanyo_(ogino_atsuki),artist,147
tama_(tamatamo),artist,147
benghuai_xueyuan,copyright,147
sen_no_kiseki_iii,copyright,147
moshimoshibe,artist,147
motoi_hiroumi,artist,147
muke_(fz064),artist,147
a_re,artist,147
bang-you,artist,146
ultra_series,copyright,146
ikkitousen,copyright,146
bkub,artist,146
tateishi_kureha,artist,146
miura-n315,artist,146
kanpani_girls,copyright,146
massakasama,artist,146
atte_nanakusa,artist,146
shadows_house,copyright,146
takiki,artist,146
collagen,artist,146
nipple_bells,adult,146
hands_on_penis,adult,146
sister_princess,copyright,145
renkin_san-kyuu_magical_pokaan,copyright,145
ryuuko_no_ken,copyright,145
kuena,artist,145
meth_(emethmeth),artist,145
kame_(3t),artist,145
shan,artist,145
kokaki_mumose,artist,145
nuno_(pppompon),artist,145
dungeon_meshi,copyright,145
seishun_buta_yarou,copyright,145
9610_(kuroto),artist,145
paru_rari,artist,145
misora_(princess_connect!),bad_pattern,145
rougetsu_(eclipse),artist,145
summon_night_3,copyright,144
starbucks,copyright,144
sengoku_musou,copyright,144
koi_(koisan),artist,144
pokemon_rse_(anime),copyright,144
toaru_kagaku_no_railgun_s,copyright,144
nekopara,copyright,144
baileys_(tranquillity650),artist,144
pokemon_go,copyright,144
satou_aji,artist,144
pudding_(skymint_028),artist,144
brll,artist,144
otonari_no_tenshi-sama_ni_itsu_no_mani_ka_dame_ningen_ni_sarete_ita_ken,bad_pattern,144
kasuya_baian,artist,144
goldowl,artist,144
e_sdss,artist,144
do_it_yourself!!,bad_pattern,144
vibrator_in_anus,adult,144
crotchless_swimsuit,adult,144
yamane_masahiro,artist,144
itolife,artist,144
yoshimo,artist,144
wakura_(gcdan),artist,144
tomato_rice,artist,144
genshiken,copyright,143
aka_ringo,artist,143
7th_dragon,copyright,143
shining_(series),copyright,143
zucchini,artist,143
aikawa_ryou,artist,143
kane-neko,artist,143
kani_club,artist,143
yopparai_oni,artist,143
elfenlied22,artist,143
boku_no_kokoro_no_yabai_yatsu,copyright,143
rasukaru,artist,142
km_yama,artist,142
youkai_watch,copyright,142
migolu,artist,142
youkoso_jitsuryoku_shijou_shugi_no_kyoushitsu_e,copyright,142
kiratto_pri_chan,copyright,142
arcie_albano,artist,142
tenoo12,artist,142
merrytail,artist,142
aduti_momoyama,artist,142
shimogamo_(shimomo_12),artist,142
joy_division,artist,142
shin'ya_(nanp),artist,142
eufoniuz,artist,142
unasaka_ryou,artist,141
justice_gakuen,copyright,141
tokyo_mew_mew,copyright,141
moyoron,artist,141
haiba_09,artist,141
twin_(tt_lsh),artist,141
lolicom,artist,141
kounosu_satori,artist,141
jiggly_girls,copyright,141
eruu_(eruuman),artist,141
aikome_(haikome),artist,141
bekkankou,artist,140
gakky,artist,140
melt_(vocaloid),copyright,140
yu-gi-oh!_gx,bad_pattern,140
akitsuki_karasu,artist,140
urusei_yatsura,copyright,140
battle_spirits,copyright,140
chii_(tsumami_tsumamare),artist,140
vividred_operation,copyright,140
habatakuhituji,artist,140
qys3,artist,140
masaki_itsuki,artist,140
fire_emblem_cipher,copyright,140
tonarikeru,artist,140
coreytaiyo,artist,140
paragasu_(parags112),artist,140
kitahama_(siroimakeinu831),artist,140
sweet_home,copyright,140
cum_on_chest,adult,140
lucknight,artist,140
sakanaya_(sakanaya952),artist,140
norizou_type-r,artist,139
kakyuusei,copyright,139
nagami_yuu,artist,139
komakoma_(magicaltale),artist,139
arinu,artist,139
yomu_(sgt_epper),artist,139
q_(ed69),artist,139
nier,copyright,139
kakone,artist,139
hidden_star_in_four_seasons,copyright,139
luminyu,artist,139
presenting_removed_panties,adult,139
sex_ed,adult,139
elfheim,copyright,139
luke_(b10a3123m),artist,139
gofu,artist,138
masha,artist,138
toeto_(vocaloid),copyright,138
spacezin,artist,138
tkhs,artist,138
himitsu_(hi_mi_tsu_2),artist,138
satou_shouji,artist,138
spicy_bardo,artist,138
alexander_dinh,artist,138
kimi_kiss,copyright,137
mobile_suit_gundam,copyright,137
kink_(tortoiseshell),artist,137
harusame_(unmei_no_ikasumi),artist,137
ukokkei,artist,137
alchera,artist,137
soramuko,artist,137
vsinger,copyright,137
racer_(magnet),artist,137
ikezawa_shin,artist,137
moti_coi,artist,137
cogecha,artist,137
black_survival,copyright,137
the_moon_studio,copyright,137
high_elf_archer_(goblin_slayer!),bad_pattern,137
zukky000,artist,137
quan_(kurisu_tina),artist,137
higashi_shino,artist,137
shiwasu_no_okina,artist,137
kosokosomaru_(higashi_taishi),artist,137
mahou_tsukai_no_yoru,copyright,136
sekaiju_no_meikyuu_2,copyright,136
musen-shiki_sanhankikan,artist,136
nakasone_haiji,artist,136
kohsaka_jun,artist,136
kirigakure_(kirigakure_tantei_jimusho),artist,136
nagasioo,artist,136
satsuki_neko,artist,136
you_(noanoamoemoe),artist,136
misogi_(princess_connect!),bad_pattern,136
cluseller,artist,136
eizouken_ni_wa_te_wo_dasu_na!,bad_pattern,136
the_amazing_digital_circus,copyright,136
bippew,artist,136
morisobo,artist,136
pop'n_music,copyright,135
buresu,artist,135
melonbooks,copyright,135
cosmic_break,copyright,135
tesun_(g_noh),artist,135
ban!_(bansankan),bad_pattern,135
deyui,artist,135
matsuo_(matuonoie),artist,135
kirisame_mia,artist,135
harris_hero,artist,135
felutiahime,artist,135
thanabis,artist,135
fe_(tetsu),artist,135
bonnie_(rsg),artist,135
ruriri,artist,135
kawagishi_keitarou,artist,135
cum_on_male,adult,135
hormone_koijirou,artist,135
greco_roman_(spiral_brain),artist,135
synchroaki,artist,135
andou_you,artist,135
zerodiamonds_(voice_actor),artist,135
nohhun,artist,135
bamboo_blade,copyright,134
tales_of_phantasia,copyright,134
noripachi,artist,134
toaru_majutsu_no_index:_new_testament,copyright,134
wakamesan,artist,134
gouta_(nagishiro6624),artist,134
kodachi_(kuroyuri_shoukougun),artist,134
aria_(koiiroharemoyou),artist,134
miyagoe_yoshitsuki,artist,134
tof,artist,134
horse_dildo,adult,134
fushigi_no_umi_no_nadia,copyright,133
hisasi,artist,133
ise_(0425),artist,133
ano_natsu_de_matteru,copyright,133
libre,artist,133
sukja,artist,133
polyle,artist,133
enuni,artist,133
toka_(marchlizard),artist,133
ichi_(ichi.colors),artist,133
adventure_time,copyright,133
naked_tabard,adult,133
mashue,artist,133
yuzuriha_(active_homing),artist,133
panties_around_one_ankle,adult,133
baanin,artist,133
kanojo_x_kanojo_x_kanojo,copyright,133
wireless_sex_toy_controller,adult,133
stellula_eques,copyright,133
rinhee,artist,133
futsu_iyu,artist,133
inishie,artist,132
gurageida,artist,132
momoniku_(taretare-13),artist,132
sora_no_kiseki,copyright,132
shift_(waage),artist,132
galbany_(tsgororin),artist,132
hiiragi_souren,artist,132
coppelion,copyright,132
yoruny,artist,132
tamagoroo,artist,132
comiket_101,copyright,132
implied_masturbation,adult,132
osuman_toruko,artist,132
toshishikisai,artist,132
saipaco,artist,131
alphonse_(white_datura),artist,131
mike_inel,artist,131
kyougoku_touya,artist,131
chocolat_(momoiro_piano),artist,131
takemura_sessyu,artist,131
kaiza_(rider000),artist,131
monosenbei,artist,131
comah,artist,131
maa_(forsythia1729),artist,131
serizawa_(serizawaroom),artist,131
machigami_yoh,artist,131
hatsuitsumo,artist,131
orgasm_denial,adult,131
georugu13,artist,131
suuru,artist,131
mazenda_(3378),artist,131
ninoko,artist,130
sakaki_maki,artist,130
suzuki_kyoutarou,artist,130
super_robot_wars_original_generation,copyright,130
kuro_suto_sukii,artist,130
siirakannu,artist,130
sagamimok,artist,130
amane_hasuhito,artist,130
ao_no_kiseki,copyright,130
the_legend_of_zelda:_the_wind_waker,copyright,130
ange_vierge,copyright,130
bad_instagram_id,low_value,130
shennai_misha,artist,130
axe_r18,artist,130
cofffee,artist,130
miz_(mizillustration),artist,130
mm_(mm_chair),artist,130
tyakomes,artist,130
pokemon_horizons,copyright,130
orion_(orionproject),artist,130
bad_vulva,low_value,130
maze_(gochama_ze_gohan),artist,130
dandon_fuga,artist,130
kosaki_wit,artist,130
peanut_(shokan),artist,130
kyogoku_shin,artist,129
hidari_(left_side),artist,129
haibane_renmei,copyright,129
mikage_takashi,artist,129
tanihara_natsuki,artist,129
takeda_yukimura,artist,129
774_(nanashi),artist,129
gawako,artist,129
hagioshi,artist,129
sunday_aki,artist,129
inaba_shiki,artist,129
tsune_(tune),artist,129
mata_(matasoup),artist,129
cloud_nine_inc,copyright,129
kutone_shirika,artist,129
pussy_press,adult,129
fujiko_(emnprmn),artist,129
salamander_(hop-step),artist,128
eretto,artist,128
yoshioka_yoshiko,artist,128
totokichi,artist,128
digimon_adventure,copyright,128
pokemon_platinum,copyright,128
chagen_kokimu,artist,128
juurouta,artist,128
akagi_kurage,artist,128
mahou_shoujo_madoka_magica_plus,copyright,128
tales_of_zestiria,copyright,128
ahenn,artist,128
suzuki_toto,artist,128
maccha,artist,128
take_(trude1945oneetyan),artist,128
hakonnbo,artist,128
toru_nagase,artist,128
kinocopro,artist,128
reia_76,artist,128
squeezable_(artist),low_value,128
mutual_orgasm,adult,128
tsukiyo_no_ribbon,artist,128
crotch_kick,adult,128
pink_pubic_hair,adult,128
raburebo,artist,128
metal_owl_(aden12),artist,128
aoki_ume,artist,127
akayama_yukihe,artist,127
mega_man_star_force,copyright,127
shimo_(depthbomb),artist,127
morikura_en,artist,127
mother_(game),copyright,127
noble_witches,copyright,127
ibuki_notsu,artist,127
koyubi_(littlefinger1988),artist,127
mitsuyo_(mituyo324),artist,127
melanbread,artist,127
hanomido,artist,127
butter-t,artist,127
hatori_mia,artist,127
akano_murasaki,artist,127
ishiyuki,artist,127
mijinko_(rioriorio),artist,127
foxyreine,artist,127
kamo_(kamonegioisi),artist,127
beudelb,artist,127
penis_piercing,adult,127
ether_core,artist,127
kawaruhi,artist,127
hellandheaven,artist,127
moebell,artist,127
yn_red,artist,126
chrono_cross,copyright,126
futatsuki_hisame,artist,126
akasaai,artist,126
